name,slug,description,assets,facets,optionGroups,optionValues,sku,price,taxCategory,stockOnHand,trackInventory,variantAssets,variantFacets
"Laguna Blu Murano Glass Vase",laguna-blu-murano-glass-vase,"Authentic handblown Venetian Murano glass vase featuring flowing marine blue and emerald green ribbons infused with silver foil. Each piece is individually shaped by hand by master glassblowers on the island of Murano.",,"category:Murano Glass Art|material:Handblown Glass|origin:Murano, Venezia|artisan:Maestro Vetrario Murano",size,"Small (20cm)",JDV-MURN-VAS-SM,240.00,standard,12,,,
,,,,,,"Large (35cm)",JDV-MURN-VAS-LG,420.00,standard,6,,,
"Serenissima 24K Gold Murano Goblet",serenissima-murano-goblet,"Regal Venetian handblown crystal wine chalice adorned with 24-karat gold leaf flakes fused into the fluted stem and bowl. Handcrafted following historical Renaissance glassmaking techniques.",,"category:Murano Glass Art|material:24K Gold Leaf|material:Handblown Glass|origin:Murano, Venezia|artisan:Maestro Vetrario Murano",,,JDV-MURN-GOB-01,165.00,standard,20,,,
"Millefiori Glass Art Pendant",millefiori-glass-pendant,"Exquisite artisanal pendant handcrafted in Murano using the ancient Millefiori (thousand flowers) mosaic glass technique, mounted on a solid 925 sterling silver bezel and bail.",,"category:Murano Glass Art|material:Millefiori Glass|origin:Murano, Venezia|artisan:Maestro Vetrario Murano",color,"Azure Blue",JDV-MURN-PDT-BLU,65.00,standard,25,,,
,,,,,,"Ruby Red",JDV-MURN-PDT-RED,65.00,standard,18,,,
,,,,,,"Emerald Green",JDV-MURN-PDT-GRN,65.00,standard,15,,,
"Murano Glass Galloping Stallion Sculpture",murano-glass-stallion,"Striking freehand hot-sculpted horse in amber and clear Sommerso Murano crystal, capturing fluid movement and Venetian glass mastery. Signed by the master artist.",,"category:Murano Glass Art|material:Handblown Glass|origin:Murano, Venezia|artisan:Maestro Vetrario Murano",,,JDV-MURN-HORSE,580.00,standard,4,,,
"Volto Barocco Gold Masquerade Mask",volto-barocco-gold-mask,"Traditional Venetian full-face theatrical mask crafted from layered papier-mache, gilded with genuine Italian gold leaf, baroque relief stucco scrollwork, and lined with silk ties.",,"category:Venetian Carnival Masks|material:Papier-Mache|material:Gold Leaf|origin:Venezia Centro|artisan:Julia di Venezia",finish,"Pure Gold Leaf",JDV-MASK-BAR-GLD,185.00,standard,14,,,
,,,,,,"Gold & Crimson Velvet",JDV-MASK-BAR-CRM,210.00,standard,8,,,
"Bauta Maschera Tradizionale Veneziana",bauta-maschera-tradizionale,"The iconic historic mask of the Venetian Republic (18th century), designed to allow speaking, eating, and drinking without unmasking. Handcrafted in pressed papier-mache.",,"category:Venetian Carnival Masks|material:Papier-Mache|origin:Venezia Centro|artisan:Julia di Venezia",finish,"Classic Chalk White",JDV-MASK-BAU-WHT,110.00,standard,15,,,
,,,,,,"Antique Ivory Crackle",JDV-MASK-BAU-IVR,125.00,standard,10,,,
"Colombina Piumata Handheld Mask",colombina-piumata-mask,"Graceful Venetian half-mask embellished with hand-applied iridescent feathers, delicate Swarovski crystal accents, and an ornate gilded baton for handheld masquerade elegance.",,"category:Venetian Carnival Masks|material:Papier-Mache|origin:Venezia Centro|artisan:Julia di Venezia",feathers,"Peacock & Gold",JDV-MASK-COL-PCK,145.00,standard,12,,,
,,,,,,"Midnight Blue & Silver",JDV-MASK-COL-MDB,145.00,standard,10,,,
"Il Medico della Peste Maschera Storica",medico-della-peste-mask,"Historical plague doctor mask featuring the characteristic long beak, round crystal eyes, and hand-antiqued finish. Authentic Venetian papier-mache artisan craftsmanship.",,"category:Venetian Carnival Masks|material:Papier-Mache|origin:Dorsoduro, Venezia|artisan:Julia di Venezia",,,JDV-MASK-MED-01,130.00,standard,9,,,
"Sunset on the Grand Canal - Oil on Canvas",sunset-grand-canal-oil-painting,"Original handmade oil painting by Julia di Venezia depicting the warm golden-hour glow of dusk reflected in the Grand Canal waters near the Rialto Bridge.",,"category:Paintings & Watercolors|material:Oil on Canvas|origin:Venezia Centro|artisan:Julia di Venezia",framing,"Stretched Canvas Only",JDV-ART-GCO-CAN,480.00,standard,3,,,
,,,,,,"Hand-Carved Gilded Frame",JDV-ART-GCO-FRM,690.00,standard,2,,,
"Gondole al Molo di San Marco - Watercolor",gondole-san-marco-watercolor,"Original watercolor painting on 300gsm 100% cotton deckle-edged paper, capturing moored gondolas bobbing before the Venetian lagoon and San Giorgio Maggiore.",,"category:Paintings & Watercolors|material:Watercolor on Cotton Paper|origin:Venezia Centro|artisan:Julia di Venezia",size,"24x30 cm",JDV-ART-GON-SM,190.00,standard,7,,,
,,,,,,"40x50 cm",JDV-ART-GON-LG,320.00,standard,4,,,
"Ponte dei Sospiri Acrylic Miniature",ponte-dei-sospiri-miniature,"Exquisite miniature painting on reclaimed Venetian wood panel, portraying the Bridge of Sighs under misty morning light. Includes wooden display easel.",,"category:Paintings & Watercolors|material:Acrylic on Wood|origin:Cannaregio, Venezia|artisan:Julia di Venezia",,,JDV-ART-PDS-MIN,95.00,standard,15,,,
"Diario San Marco in Pelle e Carta Marmorizzata",diario-san-marco-pelle,"Handmade Venetian journal bound in supple vegetable-tanned Italian leather with hand-marbled paper endpapers in traditional peacock feather pattern, filled with unlined Amalfi cotton rag pages.",,"category:Venetian Leather & Marbled Paper|material:Italian Leather|material:Hand-Marbled Paper|origin:Dorsoduro, Venezia|artisan:Julia di Venezia",size,"Pocket A6",JDV-LTH-JRN-A6,55.00,standard,25,,,
,,,,,,"Studio A5",JDV-LTH-JRN-A5,85.00,standard,20,,,
,,,,,,"Grand Folio A4",JDV-LTH-JRN-A4,140.00,standard,8,,,
"Venetian Deckle-Edge Stationery & Wax Seal Set",venetian-stationery-wax-seal-set,"Artisanal correspondence boxed set containing 20 deckle-edged watermarked stationery sheets, matching lined envelopes, a solid brass Venice Lion seal stamp, and two sticks of Venetian red sealing wax.",,"category:Venetian Leather & Marbled Paper|material:Hand-Marbled Paper|origin:Dorsoduro, Venezia|artisan:Julia di Venezia",,,JDV-LTH-STN-SET,78.00,standard,16,,,
"Leone di San Marco Majolica Ceramic Tile",leone-san-marco-majolica-tile,"Hand-painted terracotta tile featuring the Winged Lion of Saint Mark, patron symbol of Venice, glazed in traditional Venetian cobalt and saffron ochre pigments. Kiln-fired twice.",,"category:Artisanal Ceramics & Majolica|material:Majolica Terracotta|origin:Venezia Centro|artisan:Julia di Venezia",format,"Single 15x15cm Tile",JDV-CRM-LIO-TIL,48.00,standard,30,,,
,,,,,,"Mounted in Walnut Plaque",JDV-CRM-LIO-PLQ,85.00,standard,15,,,
"Venetian Floral Majolica Handcrafted Pitcher",venetian-floral-majolica-pitcher,"Charming hand-thrown and hand-painted ceramic water pitcher with traditional 16th-century Venetian botanical motifs, comfortable arched handle, and glazed finish.",,"category:Artisanal Ceramics & Majolica|material:Majolica Terracotta|origin:Venezia Centro|artisan:Julia di Venezia",,,JDV-CRM-PIT-01,115.00,standard,11,,,
